accuracy,precision,recall,f1
0.8589855706165282,0.8063185814984376,0.9790655607517869,0.8843349007730932
