accuracy,precision,recall,f1
0.8307219550114172,0.7826188718650415,0.9589032030353833,0.8618389095415118
