accuracy,precision,recall,f1
0.5671184958460865,0.8301539719307808,0.26879467043148325,0.40609898350274953
