mode,wait_thr,class_cut,flows_pos,detected,rate,TTR_P50,TTR_P90,TTR_avg,TTR_max,PR_AUC,F1
any_step,0.30,0.50,2255,2243,0.9947,0.000000,0.000000,0.020992,3.694898,0.999803,0.994527
any_step,0.40,0.50,2255,2243,0.9947,0.000000,0.000000,0.020992,3.694898,0.999803,0.994527
any_step,0.50,0.50,2255,2243,0.9947,0.000000,0.000000,0.020992,3.694898,0.999803,0.994527
any_step,0.55,0.50,2255,2241,0.9938,0.000000,0.000000,0.048163,54.688499,0.999803,0.994527
any_step,0.60,0.50,2255,2237,0.9920,0.000000,0.000000,0.049918,54.688499,0.999803,0.994527
any_step,0.70,0.50,2255,2230,0.9889,0.000000,0.000000,0.081176,54.688499,0.999803,0.994527
any_step,0.80,0.50,2255,2212,0.9809,0.000000,0.000000,0.160743,64.036255,0.999803,0.994527
