mode,wait_thr,class_cut,flows_pos,detected,rate,TTR_P50,TTR_P90,TTR_avg,TTR_max,PR_AUC,F1
last_step,0.30,0.50,2255,2021,0.8962,0.000048,0.000540,5.359085,1040.848663,0.999803,0.994527
last_step,0.40,0.50,2255,2021,0.8962,0.000048,0.000540,5.359085,1040.848663,0.999803,0.994527
last_step,0.50,0.50,2255,2021,0.8962,0.000048,0.000540,5.359085,1040.848663,0.999803,0.994527
last_step,0.55,0.50,2255,2018,0.8949,0.000048,0.000481,5.366744,1040.848663,0.999803,0.994527
last_step,0.60,0.50,2255,2015,0.8936,0.000048,0.000455,5.380695,1040.848663,0.999803,0.994527
last_step,0.70,0.50,2255,2011,0.8918,0.000048,0.000455,5.391234,1040.848663,0.999803,0.994527
last_step,0.80,0.50,2255,2001,0.8874,0.000048,0.000455,5.470308,1040.848663,0.999803,0.994527
